{"train_loss": [0.025489365072360506, 0.017502253010012108, 0.014234495125351698, 0.012468543545463735, 0.011647550372981446, 0.010937293631957534, 0.01043202907134414, 0.009430007508985058, 0.009123154895577293, 0.00935926334228327], "test_loss": [0.16464792076809948, 0.1128267590743137, 0.09241070036156719, 0.08027694506711694, 0.07529694364959025, 0.07060747150762148, 0.06620699274409339, 0.06111393571196799, 0.0590394522178458, 0.06069673095121089], "train_acc": [0.5254196928205739, 0.6470413144421955, 0.7433027741397785, 0.7762828908203357, 0.7994999404691034, 0.801166805572092, 0.816585307774735, 0.8315275628050959, 0.8377187760447672, 0.8273604000476247], "test_acc": [0.5163346613545817, 0.649402390438247, 0.7346613545816733, 0.7872509960159363, 0.7980079681274901, 0.801195219123506, 0.8175298804780876, 0.8330677290836653, 0.8366533864541833, 0.8219123505976096]}