{"train_loss": [108.8738341331482, 108.20056533813477], "test_loss": [83.1100161075592, 82.79298639297485], "train_acc": [0.09995237528277176, 0.12870579830932255], "test_acc": [0.1, 0.1306772908366534]}