{
    "train_loss": [
        107.57409000396729,
        106.87057685852051,
        106.07576560974121,
        103.29646372795105,
        98.49560976028442
    ],
    "test_loss": [
        82.83894228935242,
        82.62099742889404,
        82.10226273536682,
        79.79925298690796,
        75.88649225234985
    ],
    "train_acc": [
        0.12180021431122753,
        0.11918085486367425,
        0.13001547803309918,
        0.1598999880938207,
        0.20359566615073224
    ],
    "test_acc": [
        0.10876494023904383,
        0.10278884462151394,
        0.11235059760956176,
        0.1350597609561753,
        0.18844621513944224
    ]
}