{"train_loss": [0.029799841453467313], "test_loss": [0.18739723280606516], "train_acc": [0.46630551256101915], "test_acc": [0.4824701195219124]}