{"train_loss": [0.032130082287466485], "test_loss": [0.2066554199651893], "train_acc": [0.3986784140969163], "test_acc": [0.3908366533864542]}