{"train_loss": [105.62414121627808, 103.06019735336304], "test_loss": [81.02008891105652, 79.41903042793274], "train_acc": [0.10013096797237767, 0.12269317775925706], "test_acc": [0.09880478087649402, 0.11832669322709163]}