{"train_loss": [0.02278755080601987, 0.015567286101277776, 0.01568290726430843, 0.013048914253732991, 0.01427657602585303, 0.01003696183205105, 0.01088960157759006, 0.0095049944633188, 0.01006665422666185, 0.008623910279895085, 0.008492008910773553, 0.00783427108173669, 0.00808176048058302, 0.008696609096969078, 0.007047059350864478, 0.009276091773916759, 0.008501432170746141, 0.007410335163230456, 0.007481576847130946, 0.007919410360059592, 0.007664881119707934, 0.006851013773345482, 0.00616216143221284, 0.007629547213596849, 0.005809108985153064, 0.007010960467323858, 0.006521737355357877, 0.006110998489967712, 0.007232671748819713, 0.006481459577859392], "test_loss": [0.02341074143272947, 0.01594625652073864, 0.016398076730895328, 0.0135106153815866, 0.014428019927317402, 0.010387985093660089, 0.011032239041955348, 0.009877865271739276, 0.010501393865779102, 0.008955384559365382, 0.00889133997409942, 0.008222475469824802, 0.008532828935588974, 0.009132706180986655, 0.0072594623938499695, 0.009632300071982274, 0.009145153637426308, 0.007737873120611883, 0.008393713689420327, 0.00837041673313574, 0.008423893444566613, 0.007207422552118263, 0.006531985377173025, 0.008147590675676962, 0.006456304914447891, 0.007477535847648682, 0.007116630584357744, 0.00672445148229599, 0.007961487502928273, 0.006694948447653022], "train_acc": [0.5376830575068461, 0.7075247053220621, 0.6712703893320633, 0.7381235861412073, 0.7122871770448863, 0.8083105131563282, 0.7740207167519942, 0.820514346946065, 0.8058102155018455, 0.8341469222526491, 0.8347422312180022, 0.8474223121800214, 0.8384331468031908, 0.8252172877723538, 0.871591856173354, 0.8172996785331587, 0.8462316942493154, 0.8487319919037981, 0.8584950589355875, 0.848910584593404, 0.8481962138349803, 0.8705798309322539, 0.8874866055482795, 0.8500416716275747, 0.8950470294082629, 0.8643886176925825, 0.879866650791761, 0.889153470651268, 0.8518275985236338, 0.8767710441719252], "test_acc": [0.5223107569721116, 0.702390438247012, 0.6677290836653387, 0.7310756972111554, 0.7087649402390438, 0.7940239043824702, 0.7772908366533865, 0.8195219123505976, 0.7980079681274901, 0.8215139442231075, 0.8250996015936255, 0.8438247011952191, 0.8326693227091634, 0.8223107569721115, 0.8677290836653386, 0.8151394422310757, 0.8394422310756973, 0.8426294820717132, 0.8561752988047808, 0.8426294820717132, 0.8370517928286852, 0.8633466135458168, 0.8864541832669323, 0.8370517928286852, 0.8916334661354581, 0.8565737051792829, 0.8741035856573706, 0.8844621513944223, 0.8414342629482072, 0.8840637450199204]}