{"train_loss": [0.027622306527147863, 0.017369128044254226, 0.016477050281221036, 0.012625116019720746, 0.013538986313185503, 0.011356912087593665, 0.010484739233232818, 0.010254539452659075, 0.010297493922425134, 0.009882353522093726], "test_loss": [0.1756089738878121, 0.11425800365043351, 0.10987744054708823, 0.0850376241235619, 0.09040587596684338, 0.07857043879084379, 0.07187816196703815, 0.07160737900382494, 0.07131951267560165, 0.06922761452684839], "train_acc": [0.4209429694011192, 0.6684724371949041, 0.6869865460173831, 0.7642576497202048, 0.7271699011787117, 0.7833075366115013, 0.8046791284676748, 0.8036671032265746, 0.7977140135730444, 0.8106322181212049], "test_acc": [0.4358565737051793, 0.6669322709163347, 0.6729083665338645, 0.7577689243027889, 0.7167330677290836, 0.7665338645418327, 0.7928286852589641, 0.7900398406374503, 0.7872509960159363, 0.7904382470119522]}