{"train_loss": [0.027834425257535076, 0.01850636035171999, 0.015916654434938178, 0.014297561918941193, 0.0133640242270138, 0.01348924166954817, 0.012451795407605605, 0.011798133201394171, 0.010686885477254925, 0.010148574228775843, 0.010255972439972528, 0.012236080329245592, 0.010065806766807614, 0.009980251902390809, 0.009491118734518621, 0.009273252907995383, 0.010267626905330576, 0.011135254002923922, 0.009848729199558542, 0.010156740278896228, 0.011126296609154002, 0.008452605853081885, 0.009298848571280863, 0.008815266422600047, 0.009604988094755887, 0.011266215331697197, 0.008835195569388709, 0.007947579774030235, 0.00756910685123837, 0.008147847519905627], "test_loss": [0.029194930112694365, 0.019822129179756953, 0.017339624185486145, 0.01550354102693231, 0.014669661776003136, 0.014609512235538894, 0.014002478740129812, 0.012659358343042701, 0.011800864620868903, 0.011184874889385178, 0.011266219479391774, 0.01317980511492467, 0.011039724328603402, 0.010814177408161391, 0.010402132158141687, 0.01034321131340536, 0.010815996305638575, 0.012321107410102252, 0.011020203920237096, 0.010914778733158492, 0.012114895304360713, 0.009470079435532786, 0.010098636503594806, 0.009854377660737094, 0.010698015100333795, 0.0121838410062144, 0.009915571276885105, 0.00889641676409786, 0.008418288559790151, 0.00920876191847353], "train_acc": [0.6209667817597333, 0.7886057864031433, 0.807893796880581, 0.8175973330158353, 0.8452196690082152, 0.8322419335635195, 0.855220859626146, 0.8611144183831408, 0.8712942016906775, 0.8734373139659484, 0.8829027265150613, 0.8427789022502679, 0.879866650791761, 0.8818907012739612, 0.8805214906536493, 0.8939159423740921, 0.8734968448624836, 0.8480176211453745, 0.8757590189308251, 0.8667698535539945, 0.858375997142517, 0.8945112513394452, 0.8857602095487558, 0.8945112513394452, 0.8705798309322539, 0.8423621859745207, 0.8899869032027622, 0.9061793070603643, 0.9064174306465055, 0.9007619954756518], "test_acc": [0.6075697211155379, 0.7768924302788844, 0.7952191235059761, 0.8083665338645418, 0.8330677290836653, 0.8290836653386454, 0.8402390438247012, 0.8549800796812749, 0.8625498007968128, 0.8669322709163346, 0.8693227091633466, 0.8278884462151395, 0.8713147410358566, 0.8792828685258964, 0.8645418326693227, 0.8844621513944223, 0.8721115537848606, 0.8406374501992032, 0.8673306772908367, 0.8593625498007968, 0.8553784860557769, 0.8776892430278884, 0.8800796812749004, 0.8800796812749004, 0.8569721115537848, 0.8282868525896414, 0.8756972111553785, 0.8968127490039841, 0.8972111553784861, 0.8876494023904382]}