{"train_loss": [0.02893572056459549], "test_loss": [0.18674571010695987], "train_acc": [0.46142397904512444], "test_acc": [0.45776892430278887]}